Employee Id,Name,Job Title,Email,Manager,Status,Start Date,Department,Location,Salary,End Date,Photo,Performance,Project,Entity,Skill,Source,level,Business Pillar,Business Sector,Job Family,Job Family Group,Company Cluster,Company,Company Hierarchy,Cost Center,Management Level,Person Type,Employee Type,Work Shift,country,gender,age
0,Joan Teyler,CEO,joan.teyler@godaddy.com,,Active,2018-01-01,Data Analytics,"Toronto, Canada","$30,000,000",,https://ui-avatars.com/api/?name=Joan+Teyler&background=#f56417&color=fff,üëè Exceeds Expectations,Acquisition,Agentnoon EU Inc.,Creative Strategy,Recruitee,1,Expertise and Knowledge,Manufacturing,Customer Operational Control,Flight Operations,Cluster N,NCC NebulaWays Consulting China,Corporate Communications,Legal-Contract Drafting,Management,Employee,Fixed Term - Local,Temporary,United Arab Emirates,Female,45
1,Janet Collins,CHRO,janet.collins@efficientoffice.com,0,Active,2018-01-01,Software Development,"Sao Paulo, Brazil","$150,025",,https://ui-avatars.com/api/?name=Janet+Collins&background=#300aaa&color=fff,üèÜ Outstanding,Growth,Agentnoon EU Inc.,Blockchain Technologies,BambooHR,2,Expertise and Knowledge,Media and Entertainment,Product Office,Communications,Cluster L,NIT NebulaWays IT Solutions,"Regional Sales, Operations, Finance, Technology, HR",Legal-Trademark Registration,Senior Management,Employee,Part time,Graveyard,Japan,,60
2,Floyd Hickey,CLO,floyd.hickey@gmail.com,0,Active,2018-01-01,Customer Support and Success,"San Francisco, United States","$107,294",,https://ui-avatars.com/api/?name=Floyd+Hickey&background=#c75b2f&color=fff,üí• At Risk,Acquisition,Agentnoon USA Inc.,Data Management,Paycor,2,Client Relationship Management,Hospitality,Operational Control,Flight Operations,Cluster F,NAM Nexus Aviation Management Services Ltd.,Director of Facilities,Employee Relations-Exit Interviews,Leadership,Contingent Worker,Part time,Zero-Hours Contracted Workers,United States,Female,33
3,Nancie Avila,CLO,nancie.avila@outlook.com,0,Active,2018-01-01,Project Management,"Dubai, United Arab Emirates","$146,886",,https://ui-avatars.com/api/?name=Nancie+Avila&background=#9159c4&color=fff,‚õî Needs Improvement,Self-serve,Agentnoon Canada Inc.,Corporate Law,Greenhouse,2,Expertise and Knowledge,Healthcare,Safety Office,Commercial,Cluster I,NMO NebulaWays Macau Operations,Latin America,HR-Employee Benefits,Non Executive,Contingent Worker,Regular,Volunteer,United Arab Emirates,Male,60
4,James Trent,CBO,james.trent@outlook.com,0,Active,2018-01-01,Data Analytics,"London, United Kingdom","$118,145",,https://ui-avatars.com/api/?name=James+Trent&background=#399641&color=fff,‚õî Needs Improvement,MENA Expansion,Agentnoon Asia Inc.,Android Development,JazzHR,2,Team Collaboration,Construction,Internal Communications,Customer Happiness,Cluster H,NSK NebulaWays Xperience South Korea,Corporate Communications,Training and Development-Leadership Training,Non Executive,Contingent Worker,Apprentice External,Zero-Hours Contracted Staffing,Malaysia,Male,52
5,Curtis Bowman,CBO,curtis.bowman@gmail.com,0,Active,2018-01-01,Operations and Logistics,"Tokyo, Japan","$162,415",,https://ui-avatars.com/api/?name=Curtis+Bowman&background=#5ed6a1&color=fff,‚õî Needs Improvement,Retention,Agentnoon Asia Inc.,Auditing,Workable,2,Effective Communication,Transportation and Logistics,Operational Control,Flight Operations,Cluster J,NIN NebulaWays Xperience India,Sales and Marketing,Finance-Audit,Individual Contributor,Contingent Worker,Regular,Zero-Hours Employees,Germany,Male,65
6,William Ogilvie,CTO,william.ogilvie@hotmail.com,0,Active,2018-01-01,Systems Administration,"Dubai, United Arab Emirates","$147,108",,https://ui-avatars.com/api/?name=William+Ogilvie&background=#dabfd5&color=fff,üëç Meets Expectations,MENA Expansion,Agentnoon Canada Inc.,Accounts Payable,Breezy HR,2,Effective Communication,Information Technology,Data,General Administration,Cluster O,NCC NebulaWays Consulting China,Europe,Facilities-Maintenance,Senior Management,Employee,Intern,Zero-Hours Contracted Staffing,Germany,Male,70
7,Marion Holt,CCO,marion.holt@godaddy.com,0,Active,2018-01-01,Customer Support and Success,"Toronto, Canada","$145,111",,https://ui-avatars.com/api/?name=Marion+Holt&background=#9d5224&color=fff,üëè Exceeds Expectations,Retention,Agentnoon EU Inc.,Coding,Kronos,2,Integrity and Ethics,Real Estate,Support Engineering,Security,Cluster D,NDD NebulaWays Digital Development Ltd.,"Regional Sales, Operations, Finance, Technology, HR",Customer Service-Satisfaction Surveys,Individual Contributor,Employee,Apprentice,Zero-Hour Contracted,Laos,,49
8,Jeffrey Fox,CMO,jeffrey.fox@outlook.com,0,Active,2018-01-01,Systems Administration,"Sao Paulo, Brazil","$132,454",,https://ui-avatars.com/api/?name=Jeffrey+Fox&background=#f6770b&color=fff,üí• At Risk,Re-Design,Agentnoon USA Inc.,Creative,PeopleSoft,2,Solution-driven Approach,Media and Entertainment,Delivery Support Engineering,Project Management,Cluster M,NLK NebulaWays Lanka Solutions,Operations Managers and Teams,Operations-Lean Six Sigma,Senior Management,Contingent Worker,Regular,Zero-Hour Workers,Laos,,25
9,Michael Singleton,CGO,michael.singleton@gmail.com,0,Active,2018-01-01,Operations and Logistics,"London, United Kingdom","$121,128",,https://ui-avatars.com/api/?name=Michael+Singleton&background=#0fc829&color=fff,üëç Meets Expectations,Acquisition,Agentnoon Asia Inc.,Credit Analysis,TriNet,2,Expertise and Knowledge,Hospitality,Intern,Operational Quality Assurance,Cluster B,NXT NebulaWays Com Travels Ltd.,"Regional Sales, Operations, Finance, Technology, HR",Employee Relations-Employee Recognition,Leadership,Employee,Intern,Consultant,Philippines,Male,53
10,Marion Davila,CMO,marion.davila@godaddy.com,0,Active,2018-01-03,Human Resources,"Berlin, Germany","$136,979",,https://ui-avatars.com/api/?name=Marion+Davila&background=#e74657&color=fff,üí• At Risk,Self-serve,Agentnoon EU Inc.,Communications,Workday,2,Expertise and Knowledge,Telecommunications,Secondary Operations,Commercial,Cluster G,NHK NebulaWays Hong Kong Xperience,Regional President,Procurement-Cost Analysis,Individual Contributor,Contingent Worker,Fixed Term - Local,Zero-Hour Worker,China,,26
11,James Castanada,Principal VP of  Finance,james.castanada@hotmail.com,1,Active,2018-01-06,Network Operations,"San Francisco, United States","$92,386",,https://ui-avatars.com/api/?name=James+Castanada&background=#c3d3ae&color=fff,‚õî Needs Improvement,Self-serve,Agentnoon Asia Inc.,AI,JazzHR,3,Expertise and Knowledge,Construction,Corporate Management,Digital & Information Technology,Cluster E,RBE RedBeam Education Ltd.,Regional Divisions,R&D-Innovation,Non Executive,Contingent Worker,Apprentice External,Zero-Hours Contracts,Brunei,,51
12,Robert Desimone,Senior VP of  IT,robert.desimone@godaddy.com,1,Active,2018-01-09,Network Operations,"Sydney, Australia","$88,862",,https://ui-avatars.com/api/?name=Robert+Desimone&background=#038fe0&color=fff,üëç Meets Expectations,Event (HR),Agentnoon Canada Inc.,API Development,ADP,3,Client Relationship Management,Telecommunications,Product Office,Flight Operations,Cluster O,NWX NebulaWays Xperience Ltd.,Operations,Finance-Credit Management,Senior Management,Employee,Fixed Term - Local,Zero Hours,Brunei,Female,18
13,Dorothy Beale,Principal VP of  HR,dorothy.beale@agentnoon.com,1,Active,2018-02-02,Customer Support and Success,"Tokyo, Japan","$94,881",,https://ui-avatars.com/api/?name=Dorothy+Beale&background=#39ce33&color=fff,üëè Exceeds Expectations,Growth,Agentnoon Asia Inc.,Data Structures,PeopleSoft,3,Continuous Learning and Development,Consumer Goods,Internal Audit,Communications,Cluster J,NXL NebulaWays Xpress Leasing Ltd.,Regional President,IT-Help Desk,Management,Contingent Worker,Contract,Temporary,Taiwan,Male,31
14,Duane Sample,Lead VP of Sales,duane.sample@yahoo.com,1,Active,2018-01-21,Sales and Business Development,"Toronto, Canada","$117,416",,https://ui-avatars.com/api/?name=Duane+Sample&background=#afe1e6&color=fff,üëç Meets Expectations,Event (HR),Agentnoon Asia Inc.,Customer Relationship Management,Zoho,3,Expertise and Knowledge,Pharmaceuticals,Sales & Distribution,People & Culture,Cluster E,OFA OurFuture Asia Solutions,Technology Managers and Teams,Training and Development-Skill Enhancement Programs,Senior Management,Contingent Worker,Fixed Term - International,Zero-Hours Roles,Australia,Female,0
15,Shannon Hagedorn,Staff VP of  Engineering,shannon.hagedorn@hotmail.com,2,Active,2018-01-05,Data Science,"London, United Kingdom","$107,464",,https://ui-avatars.com/api/?name=Shannon+Hagedorn&background=#ec1fd3&color=fff,üëç Meets Expectations,Self-serve,Agentnoon Asia Inc.,Branding,Namely,3,Solution-driven Approach,Agriculture,People & Culture,Product,Cluster A,NAB NebulaWays Advisory Bureau,Chief Human Resources Officer (CHRO),Sales-Sales Operations,Individual Contributor,Contingent Worker,,Zero-Hours Contracted Jobs,Philippines,Male,25
16,Christy Yerkey,VP of Sales,christy.yerkey@gmail.com,2,Active,2018-01-07,Sales and Business Development,"Dubai, United Arab Emirates","$83,691",,https://ui-avatars.com/api/?name=Christy+Yerkey&background=#38540f&color=fff,‚≠ê High Performer,Growth,Agentnoon USA Inc.,Application Development,Recruitee,3,Integrity and Ethics,Agriculture,Customer Insights,Flight Operations,Cluster A,NTW NebulaWays Taiwan Solutions,"Regional Sales, Operations, Finance, Technology, HR",Customer Service-Service Improvement Initiatives,Leadership,Contingent Worker,Part time,Zero-Hours Roles,South Korea,Male,75
17,Mi Trinkle,Senior VP of  Marketing,mi.trinkle@godaddy.com,2,Active,2018-01-05,User Experience (UX) Design,"London, United Kingdom","$110,537",,https://ui-avatars.com/api/?name=Mi+Trinkle&background=#651573&color=fff,‚≠ê High Performer,Re-Design,Agentnoon Canada Inc.,Data Security,Breezy HR,3,Integrity and Ethics,Retail,Occupational Safety,Supply Chain,Cluster D,NCC Nexus Capital Corp.,General Counsel,Diversity and Inclusion-Accessibility Initiatives,Management,Contingent Worker,Apprentice,Swing,Hong Kong,,54
18,Maurice Burch,Intermediate VP of  IT,maurice.burch@yahoo.com,2,Active,2018-01-12,Digital Marketing,"Paris, France","$89,076",,https://ui-avatars.com/api/?name=Maurice+Burch&background=#de8da7&color=fff,üëç Meets Expectations,Acquisition,Agentnoon EU Inc.,Cloud Security,SAP,3,Team Collaboration,Aerospace and Defense,Marketing,Supply Chain,Cluster K,TPC Techport Commerce Philippines Inc,"Regional Sales, Operations, Finance, Technology, HR",Legal-Trademark Registration,Management,Contingent Worker,Fixed Term - Local,Zero-Hour Contracted Staff,Taiwan,Female,40
19,Brianna Gonzalez,VP of Sales,brianna.gonzalez@agentnoon.com,3,Active,2018-01-01,Operations and Logistics,"Paris, France","$106,927",,https://ui-avatars.com/api/?name=Brianna+Gonzalez&background=#496f48&color=fff,üëç Meets Expectations,Retention,Agentnoon USA Inc.,Auditing,Paychex,3,Solution-driven Approach,Real Estate,People & Culture,General Management & Strategy,Cluster B,NWX NebulaWays Xperience Ltd.,Latin America,Health and Safety-Emergency Preparedness,Management,Employee,Apprentice External,Zero-Hours Roles,United Arab Emirates,Male,40
20,Esther Morgan,Principal VP of  Operations,esther.morgan@efficientoffice.com,3,Active,2018-01-01,Cybersecurity,"San Francisco, United States","$100,614",,https://ui-avatars.com/api/?name=Esther+Morgan&background=#f4c3bd&color=fff,üëè Exceeds Expectations,Acquisition,Agentnoon USA Inc.,Application Support,Recruitee,3,Solution-driven Approach,Real Estate,Guest Services,Product,Cluster F,NSR NebulaWays Ride Solutions,Chief Technology Officer (CTO),Health and Safety-Health and Wellness Programs,Senior Management,Employee,,Zero-Hours Contracted,Japan,Female,46
21,Carol Dean,Principal VP of  Engineering,carol.dean@outlook.com,3,Active,2018-01-06,Finance and Accounting,"Toronto, Canada","$86,004",,https://ui-avatars.com/api/?name=Carol+Dean&background=#f1280d&color=fff,üëè Exceeds Expectations,Self-serve,Agentnoon Canada Inc.,Agile Project Management,Oracle,3,Team Collaboration,Aerospace and Defense,Investor Relations,Operational Quality Assurance,Cluster A,NAM Nexus Aviation Management Services Ltd.,Communication Teams,Health and Safety-Health and Safety Inspections,Non Executive,Contingent Worker,Apprentice,Consultant,Macau,,34
22,Byron Palmieri,Intermediate VP of  Operations,byron.palmieri@agentnoon.com,3,Active,2018-01-18,Network Operations,"Sao Paulo, Brazil","$88,619",,https://ui-avatars.com/api/?name=Byron+Palmieri&background=#2d6c13&color=fff,üëç Meets Expectations,Platform,Agentnoon EU Inc.,Business Process Management,Recruitee,3,Integrity and Ethics,Transportation and Logistics,Network & Regulatory,Customer Happiness,Cluster G,NAB NebulaWays Advisory Bureau,"Regional Sales, Operations, Finance, Technology, HR",Facilities-Security,Non Executive,Employee,Apprentice External,Zero-Hours Contract,New Zealand,,51
23,Fred Kirschner,Junior VP of  HR,fred.kirschner@efficientoffice.com,4,Active,2018-01-01,Quality Assurance,"Mumbai, India","$103,179",,https://ui-avatars.com/api/?name=Fred+Kirschner&background=#577a7d&color=fff,‚≠ê High Performer,Growth,Agentnoon EU Inc.,Cost Management,TriNet,3,Team Collaboration,Education,Corporate Safety,Customer Happiness,Cluster P,NCV NebulaWays Consulting Vietnam,Operations,Operations-Supply Chain Management,Non Executive,Employee,Intern,Weekend,Sri Lanka,,52
24,Charles Kelso,Lead VP of  IT,charles.kelso@yahoo.com,4,Active,2018-01-02,Quality Assurance,"Dubai, United Arab Emirates","$108,173",,https://ui-avatars.com/api/?name=Charles+Kelso&background=#5ea20d&color=fff,‚õî Needs Improvement,Self-serve,Agentnoon Canada Inc.,Application Management,Bullhorn,3,Expertise and Knowledge,Media and Entertainment,Recruitment,Customer Happiness,Cluster G,TPC Techport Commerce Philippines Inc,"Regional Sales, Operations, Finance, Technology, HR",Training and Development-Training Needs Analysis,Management,Contingent Worker,Part time,Telecommute,China,,20
25,Charlie Lupton,Junior VP of  Engineering,charlie.lupton@godaddy.com,4,Active,2018-01-13,Data Analytics,"Sydney, Australia","$89,174",,https://ui-avatars.com/api/?name=Charlie+Lupton&background=#42a1ef&color=fff,üëç Meets Expectations,Audit,Agentnoon Asia Inc.,Airline,Zenefits,3,Team Collaboration,Hospitality,Transformation & Change Management,Project Management,Cluster N,TPC Techport Commerce Philippines Inc,Operations,Procurement-Supplier Negotiations,Leadership,Contingent Worker,Apprentice,Seasonal,Vietnam,,36
26,Johnnie Link,Lead VP of  HR,johnnie.link@outlook.com,4,Active,2018-01-11,Systems Administration,"Berlin, Germany","$99,190",,https://ui-avatars.com/api/?name=Johnnie+Link&background=#fb10bd&color=fff,üëç Meets Expectations,Growth,Agentnoon Canada Inc.,Data Structures,BambooHR,3,Client Relationship Management,Transportation and Logistics,Culture,,Cluster F,NSK NebulaWays Xperience South Korea,Regional President,Sales-Sales Forecasting,Individual Contributor,Contingent Worker,Regular,Zero-Hour Staff,China,,44
27,Dale Sorensen,Principal VP of Sales,dale.sorensen@outlook.com,5,Active,2018-01-02,Systems Administration,"Mumbai, India","$83,054",,https://ui-avatars.com/api/?name=Dale+Sorensen&background=#9cf1d5&color=fff,‚≠ê High Performer,Platform,Agentnoon EU Inc.,Contract Management,Breezy HR,3,Effective Communication,Financial Services,Flight Operations Office,Digital & Information Technology,Cluster F,NLK NebulaWays Lanka Solutions,Administration Teams,Procurement-Cost Negotiation,Leadership,Contingent Worker,Regular,Zero-Hour Workers,South Korea,Female,50
28,Larry Quincel,Lead VP of Sales,larry.quincel@efficientoffice.com,5,Active,2018-01-20,Data Science,"Toronto, Canada","$100,151",,https://ui-avatars.com/api/?name=Larry+Quincel&background=#52d5d9&color=fff,‚≠ê High Performer,Acquisition,Agentnoon Asia Inc.,Android Development,Ultipro,3,Team Collaboration,Media and Entertainment,Software Engineering,Digital & Information Technology,Cluster D,NLK NebulaWays Lanka Solutions,"Regional Sales, Operations, Finance, Technology, HR",Training and Development-Certification Programs,Non Executive,Contingent Worker,Contract,Zero-Hour Job,India,,24
29,David Peeples,Senior VP of Sales,david.peeples@yahoo.com,5,Active,2018-01-12,Network Operations,"London, United Kingdom","$101,623",,https://ui-avatars.com/api/?name=David+Peeples&background=#13405e&color=fff,‚≠ê High Performer,Platform,Agentnoon EU Inc.,Credit,Ultipro,3,Integrity and Ethics,Education,Facilities & Office Support,Retail & Food,Cluster D,TMC Techport Commerce Malaysia Solutions,"Vice President, Operations",Training and Development-Mentorship Programs,Management,Employee,Regular,Zero-Hours,Maldives,Female,29
30,Keith Rosen,Principal VP of  Finance,keith.rosen@yahoo.com,5,Active,2018-03-24,Operations and Logistics,"San Francisco, United States","$82,657",,https://ui-avatars.com/api/?name=Keith+Rosen&background=#c9ce2f&color=fff,‚≠ê High Performer,Retention,Agentnoon Asia Inc.,Budgeting,Workable,3,Client Relationship Management,Aerospace and Defense,IT Infrastructure,Security,Cluster P,NXJ NebulaWays Xperience Japan,"Regional Sales, Operations, Finance, Technology, HR",Facilities-Maintenance,Senior Management,Employee,Contract,Swing,United Arab Emirates,Female,57
31,Hilda Artis,Lead VP of  Finance,hilda.artis@outlook.com,6,Active,2018-01-22,Business Intelligence,"San Francisco, United States","$81,795",,https://ui-avatars.com/api/?name=Hilda+Artis&background=#093b2a&color=fff,‚≠ê High Performer,Growth,Agentnoon Asia Inc.,ASP.NET Web API,Netsuite,3,Integrity and Ethics,Real Estate,Product Office,Product,Cluster L,NIN NebulaWays Xperience India,Human Resources,Finance-Credit Management,Senior Management,Employee,Apprentice External,Zero-Hours Contracted,Vietnam,Female,19
32,Christina Plienis,Junior VP of  Engineering,christina.plienis@outlook.com,6,Active,2018-01-07,Cloud Computing,"Berlin, Germany","$106,168",,https://ui-avatars.com/api/?name=Christina+Plienis&background=#03e1a0&color=fff,üí• At Risk,Event (HR),Agentnoon USA Inc.,Banking Operations,SAP,3,Team Collaboration,Manufacturing,Data,Ground Operations,Cluster O,NID NebulaWays Indonesia,General Counsel,Sales-Customer Relationship Management (CRM),Senior Management,Contingent Worker,Fixed Term - International,Zero-Hours Contracted,Laos,Female,19
33,Craig Mclean,VP of  Engineering,craig.mclean@efficientoffice.com,6,Active,2018-01-03,User Interface (UI) Design,"Paris, France","$101,944",,https://ui-avatars.com/api/?name=Craig+Mclean&background=#374355&color=fff,‚õî Needs Improvement,Retention,Agentnoon USA Inc.,Airline Ticketing,Netsuite,3,Continuous Learning and Development,Retail,Support Staff,Supply Chain,Cluster N,NVT NebulaWays Vietnam Tech Ltd.,Sales Managers and Teams,R&D-Competitor Analysis,Individual Contributor,Contingent Worker,Fixed Term - Local,Zero-Hour Contracted,Singapore,Male,37
34,Aaron Burke,Principal VP of  HR,aaron.burke@godaddy.com,6,Active,2018-02-19,User Interface (UI) Design,"London, United Kingdom","$98,574",,https://ui-avatars.com/api/?name=Aaron+Burke&background=#a83d52&color=fff,‚≠ê High Performer,Re-Design,Agentnoon Canada Inc.,Angular,Gusto,3,Effective Communication,Agriculture,Product Office,Project Management,Cluster C,NID NebulaWays Indonesia,"Vice President, Finance",IT-Security,Leadership,Employee,Fixed Term - International,Zero-Hour Work,United Arab Emirates,,53
35,Cristina Miller,Lead VP of  Marketing,cristina.miller@outlook.com,7,Active,2018-01-09,Quality Assurance,"Mumbai, India","$119,031",,https://ui-avatars.com/api/?name=Cristina+Miller&background=#598e17&color=fff,‚≠ê High Performer,Self-serve,Agentnoon Canada Inc.,Accounts Payable,SAP,3,Effective Communication,Agriculture,Investor Relations,,Cluster D,NTS NebulaWays Tech Solutions Ltd.,Legal Teams,IT-Training and Certification,Leadership,Employee,Intern,Zero-Hour Employee,Brunei,Female,66
36,Sharon Jolley,Principal VP of Sales,sharon.jolley@outlook.com,7,Active,2018-03-13,Sales and Business Development,"Dubai, United Arab Emirates","$92,597",,https://ui-avatars.com/api/?name=Sharon+Jolley&background=#89d87d&color=fff,üëç Meets Expectations,Platform,Agentnoon USA Inc.,Content Management,Breezy HR,3,Solution-driven Approach,Media and Entertainment,Guest Services,Security,Cluster A,NCC NebulaWays Corporate Consulting Inc.,North America,Facilities-Moving Services,Leadership,Employee,Part time,Consultant,South Korea,Male,60
37,Colleen Clem,Intermediate VP of  Marketing,colleen.clem@efficientoffice.com,7,Active,2018-02-07,Digital Marketing,"Toronto, Canada","$96,599",,https://ui-avatars.com/api/?name=Colleen+Clem&background=#fa8971&color=fff,üëè Exceeds Expectations,MENA Expansion,Agentnoon USA Inc.,AngularJS,Gusto,3,Team Collaboration,Manufacturing,Internal Audit,Finance,Cluster F,NSK NebulaWays Xperience South Korea,Marketing Managers and Teams,Finance-Taxation,Non Executive,Employee,Intern,Zero-Hour Working,Hong Kong,Male,44
38,Troy Ward,Senior VP of  IT,troy.ward@yahoo.com,8,Active,2018-06-05,Information Technology,"San Francisco, United States","$106,816",,https://ui-avatars.com/api/?name=Troy+Ward&background=#6ef8f0&color=fff,üèÜ Outstanding,Self-serve,Agentnoon EU Inc.,Accounting,ADP,3,Effective Communication,Automotive,Intern,Ground Operations,Cluster H,NCC NebulaWays Corporate Consulting Inc.,Regional Divisions,HR-Wellness Programs,Non Executive,Contingent Worker,Regular,Zero-Hour Job,Malaysia,,65
39,Andrew Gonzales,Lead VP of Sales,andrew.gonzales@yahoo.com,8,Active,2018-01-21,User Experience (UX) Design,"Mumbai, India","$84,040",,https://ui-avatars.com/api/?name=Andrew+Gonzales&background=#aec3e0&color=fff,üí• At Risk,Audit,Agentnoon Asia Inc.,Airline Ticketing,Workday,3,Client Relationship Management,Information Technology,Culture,General Administration,Cluster I,NCS NebulaWays Superapp Solutions LLC.,Director of Facilities,Diversity and Inclusion-Equity Programs,Senior Management,Employee,Contract,Zero-Hours Contracts,Cambodia,,55
40,Antonio Mccullough,Intermediate VP of  Marketing,antonio.mccullough@efficientoffice.com,8,Active,2018-02-05,Product Management,"Tokyo, Japan","$92,905",,https://ui-avatars.com/api/?name=Antonio+Mccullough&background=#487cea&color=fff,üëç Meets Expectations,Event (HR),Agentnoon Canada Inc.,Cloud Technologies,PeopleSoft,3,Team Collaboration,Consumer Goods,Government Relations,Retail & Food,Cluster N,NBB NebulaWays Brunei Bureau,Director of Facilities,Training and Development-Skill Enhancement Programs,Individual Contributor,Employee,Apprentice External,Per Diem,China,,32
41,Carolyn Dumont,Junior VP of  Finance,carolyn.dumont@agentnoon.com,9,Active,2018-03-23,Data Analytics,"Sydney, Australia","$88,692",,https://ui-avatars.com/api/?name=Carolyn+Dumont&background=#8c8f98&color=fff,üëè Exceeds Expectations,Growth,Agentnoon Asia Inc.,Accounts Receivable,Kronos,3,Team Collaboration,Automotive,Social Media,Project Management,Cluster P,NCC NebulaWays Consulting China,General Counsel,Marketing-Branding Initiatives,Leadership,Employee,,Zero-Hour Employee,Germany,,26
42,Barbara Langlois,Senior VP of  Engineering,barbara.langlois@hotmail.com,9,Active,2018-01-02,Data Science,"San Francisco, United States","$100,022",,https://ui-avatars.com/api/?name=Barbara+Langlois&background=#414ec6&color=fff,üëè Exceeds Expectations,Marketing 2.0,Agentnoon Canada Inc.,Automation Testing,Paychex,3,Team Collaboration,Construction,Marketing,Communications,Cluster A,NPP NebulaWays Philippines Partners Inc.,Regional President,Finance-Investment Analysis,Non Executive,Contingent Worker,Fixed Term - Local,Zero-Hour Contracts,France,Male,38
43,Michael Hankins,Intermediate VP of Sales,michael.hankins@hotmail.com,9,Active,2018-01-18,Project Management,"Paris, France","$88,724",,https://ui-avatars.com/api/?name=Michael+Hankins&background=#08d460&color=fff,üëç Meets Expectations,Platform,Agentnoon USA Inc.,Artificial Intelligence,PeopleSoft,3,Effective Communication,Automotive,Procurement,Governance,Cluster A,NXT NebulaWays Com Travels Ltd.,"Vice President, Sales",Training and Development-Leadership Development,Senior Management,Employee,,Zero-Hour Role,Singapore,Male,62
44,Ruben Mathews,Principal VP of  Operations,ruben.mathews@efficientoffice.com,9,Active,2018-02-02,Operations and Logistics,"San Francisco, United States","$98,853",,https://ui-avatars.com/api/?name=Ruben+Mathews&background=#ad451d&color=fff,üëè Exceeds Expectations,Re-Design,Agentnoon Asia Inc.,Compensation,JazzHR,3,Solution-driven Approach,Biotechnology,Franchise Operations,Flight Operations,Cluster B,NIT NebulaWays IT Solutions,Operations,Finance-Taxation,Management,Contingent Worker,Intern,Zero-Hours Contracted Workers,Hong Kong,Male,27
45,Chelsea Adams,Principal VP of  Operations,chelsea.adams@hotmail.com,10,Active,2018-01-01,User Experience (UX) Design,"Tokyo, Japan","$87,067",,https://ui-avatars.com/api/?name=Chelsea+Adams&background=#a4e3db&color=fff,‚≠ê High Performer,Re-Design,Agentnoon Canada Inc.,Coding,Recruitee,3,Solution-driven Approach,Healthcare,Analytics,General Management & Strategy,Cluster K,NSE NebulaWays SEA Solutions Ltd.,Marketing Managers and Teams,Customer Service-Satisfaction Surveys,Leadership,Contingent Worker,,Contract,South Korea,,44
46,John Moss,Senior VP of  Finance,john.moss@yahoo.com,10,Active,2018-01-06,Cybersecurity,"Sao Paulo, Brazil","$90,821",,https://ui-avatars.com/api/?name=John+Moss&background=#25088c&color=fff,üëç Meets Expectations,Self-serve,Agentnoon Canada Inc.,Architecture,Justworks,3,Effective Communication,Aerospace and Defense,Fleet Engineering Management,Operational Quality Assurance,Cluster D,CGT CelestialGate Superapp (Thailand) Co.,Regional President,Finance-Treasury,Senior Management,Employee,Apprentice,Internship,India,Male,52
47,Suzanne Nash,Junior VP of Sales,suzanne.nash@godaddy.com,10,Active,2018-01-24,Cybersecurity,"Mumbai, India","$95,685",,https://ui-avatars.com/api/?name=Suzanne+Nash&background=#11a6a3&color=fff,üèÜ Outstanding,Audit,Agentnoon Canada Inc.,Collections,Paycor,3,Expertise and Knowledge,Energy,Operations Management,Supply Chain,Cluster G,NBI NebulaWays Business Innovations,Marketing Managers and Teams,Training and Development-Employee Training,Management,Employee,Apprentice,Seasonal,France,Female,19
48,Jackie Woods,Staff UI Designer (User Interface Designer),jackie.woods@hotmail.com,11,Active,2018-02-09,Operations and Logistics,"Berlin, Germany","$65,100",,https://ui-avatars.com/api/?name=Jackie+Woods&background=#f7303c&color=fff,‚≠ê High Performer,Marketing 2.0,Agentnoon EU Inc.,AI,TriNet,4,Integrity and Ethics,Manufacturing,Safety Compliance,Project Management,Cluster P,NIN NebulaWays Xperience India,Director of Corporate Communications,Sales-Sales Operations,Non Executive,Employee,,Zero-Hours Contracted Job,Brazil,Male,47
49,Deborah Wilson,Lead CFO,deborah.wilson@outlook.com,11,Active,2018-01-18,Software Development,"London, United Kingdom","$69,056",,https://ui-avatars.com/api/?name=Deborah+Wilson&background=#e24b5f&color=fff,üëç Meets Expectations,Event (HR),Agentnoon Canada Inc.,Credit,Paylocity,4,Integrity and Ethics,Information Technology,Data,Internship & Management Trainee,Cluster J,NSB NebulaWays Singapore Branch,Finance Managers and Teams,Legal-Privacy Compliance,Leadership,Contingent Worker,Intern,Flextime,United States,Male,24
50,Vincent Castro,Staff VP of Marketing,vincent.castro@yahoo.com,11,Active,2018-03-07,Data Analytics,"London, United Kingdom","$69,778",,https://ui-avatars.com/api/?name=Vincent+Castro&background=#44e75f&color=fff,‚õî Needs Improvement,Event (HR),Agentnoon EU Inc.,C#,Greenhouse,4,Integrity and Ethics,Healthcare,Internal Communications,Ground Operations,Cluster G,NTW NebulaWays Taiwan Solutions,Support Functions,Marketing-Advertising Campaigns,Management,Employee,Apprentice External,Zero-Hour Contracted,France,,70
51,Charles Brenner,Staff CFO,charles.brenner@agentnoon.com,12,Active,2018-03-28,Digital Marketing,"Sydney, Australia","$68,191",,https://ui-avatars.com/api/?name=Charles+Brenner&background=#797b3e&color=fff,üëç Meets Expectations,Platform,Agentnoon Canada Inc.,Data Center,JazzHR,4,Expertise and Knowledge,Real Estate,Corporate Finance,Digital & Information Technology,Cluster E,NTW NebulaWays Xperience Taiwan,Facilities and Administration,Facilities-Moving Services,Leadership,Employee,Apprentice,Zero-Hours Contracted Employee,Canada,Female,41
52,Juan Walker,Junior UI Designer (User Interface Designer),juan.walker@gmail.com,12,Active,2018-01-05,Project Management,"Dubai, United Arab Emirates","$70,810",,https://ui-avatars.com/api/?name=Juan+Walker&background=#d272ba&color=fff,‚õî Needs Improvement,Re-Design,Agentnoon Asia Inc.,Application Management,Greenhouse,4,Effective Communication,Energy,Internal Audit,General Management & Strategy,Cluster I,NAM Nexus Aviation Management Services Ltd.,Human Resources,Legal-Contract Management,Non Executive,Contingent Worker,Contract,Zero-Hours Contracted Workers,Laos,,70
53,Anna Reynolds,Staff VP of Marketing,anna.reynolds@efficientoffice.com,12,Active,2018-03-22,Operations and Logistics,"London, United Kingdom","$65,254",,https://ui-avatars.com/api/?name=Anna+Reynolds&background=#fc6e44&color=fff,‚≠ê High Performer,Retention,Agentnoon USA Inc.,Business Analytics,Recruitee,4,Team Collaboration,Consumer Goods,Finance Operations,Governance,Cluster F,NLK NebulaWays Lanka Solutions,Chief Information Officer (CIO),Operations-Quality Control,Non Executive,Contingent Worker,Contract,Zero-Hours Contracted Staffing,Taiwan,Female,56
54,Robert Baker,Sales Operations Analyst,robert.baker@agentnoon.com,13,Active,2018-04-23,Finance and Accounting,"Sydney, Australia","$64,797",,https://ui-avatars.com/api/?name=Robert+Baker&background=#2abd16&color=fff,üëè Exceeds Expectations,Acquisition,Agentnoon USA Inc.,Brand Management,Netsuite,4,Team Collaboration,Aerospace and Defense,People Operations,People & Culture,Cluster L,NBD NebulaWays Bangladesh Development,Communication Teams,Procurement-Procurement Analytics,Individual Contributor,Employee,Regular,Zero-Hour Contracted Worker,Vietnam,Male,26
55,Julie Gray,Lead Systems Analyst,julie.gray@godaddy.com,13,Active,2018-05-29,Cloud Computing,"Sao Paulo, Brazil","$60,160",,https://ui-avatars.com/api/?name=Julie+Gray&background=#494e4e&color=fff,üèÜ Outstanding,MENA Expansion,Agentnoon USA Inc.,Cloud Services,Ceridian,4,Solution-driven Approach,Professional Services,Fleet Engineering Management,Safety,Cluster D,NHK NebulaWays Hong Kong Xperience,Information Technology (IT),HR-Employee Assistance Program,Non Executive,Employee,Fixed Term - Local,Zero-Hour Worker,Maldives,Female,45
56,Mary Leatham,Intermediate Sales Operations Analyst,mary.leatham@outlook.com,13,Active,2018-01-23,Project Management,"San Francisco, United States","$68,783",,https://ui-avatars.com/api/?name=Mary+Leatham&background=#c680b7&color=fff,üëç Meets Expectations,Self-serve,Agentnoon Canada Inc.,Data Center,Recruitee,4,Team Collaboration,Agriculture,Analytics,Ground Operations,Cluster O,NCD NebulaWays Consulting Indonesia,Europe,Legal-Privacy Compliance,Leadership,Contingent Worker,Part time,Telecommute,Laos,,58
57,Patrick Shepard,Intermediate VP of Marketing,patrick.shepard@yahoo.com,14,Active,2018-03-16,Sales and Business Development,"Berlin, Germany","$56,954",,https://ui-avatars.com/api/?name=Patrick+Shepard&background=#1043bf&color=fff,üèÜ Outstanding,Marketing 2.0,Agentnoon EU Inc.,Advertising,Kronos,4,Expertise and Knowledge,Manufacturing,Marketing,General Management & Strategy,Cluster G,NCC NebulaWays Consulting China,Director of Corporate Communications,R&D-Product Development,Individual Contributor,Employee,Fixed Term - International,Zero-Hours Employees,United Kingdom,Male,65
58,Carl Mathews,Intermediate VP of Customer Success,carl.mathews@hotmail.com,14,Active,2018-01-01,Product Management,"Paris, France","$67,787",,https://ui-avatars.com/api/?name=Carl+Mathews&background=#4aa5e7&color=fff,üëè Exceeds Expectations,Re-Design,Agentnoon Asia Inc.,Data,Kronos,4,Expertise and Knowledge,Telecommunications,Delivery Operations,Brand,Cluster D,NAM Nexus Aviation Management Services Ltd.,Regional Divisions,Finance-Accounting,Management,Contingent Worker,Regular,Zero-Hours Staff,United States,,46
59,Mason Hoage,Financial Analyst,mason.hoage@gmail.com,14,Active,2018-03-25,Finance and Accounting,"Sao Paulo, Brazil","$63,457",,https://ui-avatars.com/api/?name=Mason+Hoage&background=#229fd4&color=fff,üëè Exceeds Expectations,Re-Design,Agentnoon Asia Inc.,Compliance,BambooHR,4,Client Relationship Management,Automotive,Product Design,Commercial,Cluster L,NTS NebulaWays Tech Solutions Ltd.,Marketing Managers and Teams,Operations-Supply Chain Management,Individual Contributor,Employee,Apprentice External,Zero-Hour Jobs,United States,Female,25
60,Lynette Falk,Senior Event Coordinator,lynette.falk@agentnoon.com,15,Active,2018-01-16,Finance and Accounting,"Toronto, Canada","$62,714",,https://ui-avatars.com/api/?name=Lynette+Falk&background=#b79163&color=fff,üí• At Risk,Audit,Agentnoon USA Inc.,Cloud,Ceridian,4,Integrity and Ethics,Pharmaceuticals,Support Engineering,,Cluster N,TSR Techport Santan Restaurants Ltd.,"Regional Sales, Operations, Finance, Technology, HR",Finance-Treasury,Individual Contributor,Contingent Worker,Fixed Term - International,Compressed,Indonesia,Female,19
61,Edward Taylor,Lead HR Generalist (Human Resources Generalist),edward.taylor@godaddy.com,15,Active,2018-02-17,Business Intelligence,"London, United Kingdom","$77,996",,https://ui-avatars.com/api/?name=Edward+Taylor&background=#212d35&color=fff,üëç Meets Expectations,Self-serve,Agentnoon Canada Inc.,API Development,BambooHR,4,Solution-driven Approach,Real Estate,Intern,Security,Cluster L,NCC NebulaWays Consulting Cambodia,Technology,Marketing-Market Research,Non Executive,Employee,Regular,Zero-Hour Working,Taiwan,Male,48
62,Esther Lewis,Intermediate Customer Success Manager,esther.lewis@outlook.com,15,Active,2018-03-21,Data Science,"Paris, France","$62,337",,https://ui-avatars.com/api/?name=Esther+Lewis&background=#676c4b&color=fff,üëç Meets Expectations,MENA Expansion,Agentnoon USA Inc.,Credit Risk,JazzHR,4,Team Collaboration,Agriculture,Investor Relations,Customer Happiness,Cluster F,NXC NebulaWays Xperience China,Regional President,Diversity and Inclusion-Accessibility Initiatives,Senior Management,Contingent Worker,Fixed Term - Local,Zero-Hour Contracted Worker,Singapore,Female,22
63,John Wilson,Staff Sales Representative,john.wilson@outlook.com,15,Active,2018-03-22,Cloud Computing,"Mumbai, India","$70,114",,https://ui-avatars.com/api/?name=John+Wilson&background=#955b14&color=fff,üëè Exceeds Expectations,Audit,Agentnoon Asia Inc.,Accounts Receivable,Zoho,4,Continuous Learning and Development,Pharmaceuticals,Analytics,Finance,Cluster L,NCC NebulaWays Consulting Cambodia,Chief Information Officer (CIO),Marketing-Advertising Campaigns,Individual Contributor,Contingent Worker,Fixed Term - Local,Zero-Hour Workers,United Arab Emirates,,47
64,Patricia Mcbratney,Staff Sr. HR Administrator,patricia.mcbratney@agentnoon.com,16,Active,2018-03-12,Data Science,"Sao Paulo, Brazil","$67,366",,https://ui-avatars.com/api/?name=Patricia+Mcbratney&background=#1fe37f&color=fff,üëç Meets Expectations,Self-serve,Agentnoon EU Inc.,Cloud Computing,Paychex,4,Client Relationship Management,Education,Product Development,Operational Quality Assurance,Cluster A,RBE RedBeam Education Ltd.,"Vice President, Finance",R&D-Market Testing,Individual Contributor,Employee,,Zero-Hour Contracted,United Arab Emirates,,22
65,Louisa Watters,Staff IT Support Engineer,louisa.watters@outlook.com,16,Active,2018-04-03,Cybersecurity,"Paris, France","$84,873",,https://ui-avatars.com/api/?name=Louisa+Watters&background=#379050&color=fff,‚õî Needs Improvement,Marketing 2.0,Agentnoon Asia Inc.,Airline,PeopleSoft,4,Expertise and Knowledge,Aerospace and Defense,Corporate Management,Factory Engineering,Cluster K,NDD NebulaWays Digital Development Ltd.,Support Functions,Training and Development-Mentorship Programs,Management,Employee,Part time,Zero-Hours Contracted,South Korea,,24
66,Rachelle Cato,Staff Cloud Solutions Architect,rachelle.cato@gmail.com,16,Active,2018-01-20,User Interface (UI) Design,"Mumbai, India","$85,245",,https://ui-avatars.com/api/?name=Rachelle+Cato&background=#377456&color=fff,üí• At Risk,Event (HR),Agentnoon USA Inc.,Creative,PeopleSoft,4,Effective Communication,Pharmaceuticals,Customer Insights,Product,Cluster F,TSC Techport Solutions Co. Ltd.,Europe,IT-Software,Senior Management,Employee,,Zero-Hour Worker,Australia,Male,29
67,Aaron Alvarez,Lead Market Research Analyst,aaron.alvarez@yahoo.com,17,Active,2018-01-17,Data Science,"Sydney, Australia","$73,282",,https://ui-avatars.com/api/?name=Aaron+Alvarez&background=#2868bb&color=fff,üí• At Risk,Acquisition,Agentnoon Canada Inc.,Credit Risk,PeopleSoft,4,Client Relationship Management,Professional Services,Product Development,Commercial,Cluster D,NCS NebulaWays Superapp Solutions LLC.,"Regional Sales, Operations, Finance, Technology, HR",Diversity and Inclusion-Inclusion Initiatives,Non Executive,Employee,Regular,Zero-Hour Positions,Laos,Male,47
68,Gloria Scott,Intermediate Sales Operations Analyst,gloria.scott@godaddy.com,17,Active,2018-06-03,Cybersecurity,"Paris, France","$64,074",,https://ui-avatars.com/api/?name=Gloria+Scott&background=#7f23d3&color=fff,üëè Exceeds Expectations,Platform,Agentnoon Asia Inc.,Change Management,Workable,4,Integrity and Ethics,Aerospace and Defense,Facilities & Office Support,Governance,Cluster E,NBB NebulaWays Business Brands Ltd.,Corporate Communications,Health and Safety-Safety Training,Individual Contributor,Employee,Apprentice,Zero-Hour Contracted Worker,Hong Kong,Male,64
69,Thomas Underwood,Intermediate Senior Developer,thomas.underwood@godaddy.com,17,Active,2018-01-01,Sales and Business Development,"Berlin, Germany","$75,138",,https://ui-avatars.com/api/?name=Thomas+Underwood&background=#6963ce&color=fff,‚≠ê High Performer,Marketing 2.0,Agentnoon Asia Inc.,C,Netsuite,4,Expertise and Knowledge,Real Estate,Operational QA,General Administration,Cluster K,NDD NebulaWays Digital Development Ltd.,Technology Managers and Teams,Marketing-Event Marketing,Individual Contributor,Contingent Worker,Apprentice,Zero Hours,United States,Male,55
70,James Hottel,Intermediate Systems Administrator,james.hottel@efficientoffice.com,17,Active,2018-07-09,Digital Marketing,"Mumbai, India","$70,098",,https://ui-avatars.com/api/?name=James+Hottel&background=#e0788c&color=fff,‚õî Needs Improvement,Audit,Agentnoon Asia Inc.,Business Intelligence,SAP,4,Effective Communication,Manufacturing,Product Design,Ground Operations,Cluster B,NAB NebulaWays Advisory Bureau,Europe,Customer Service-Customer Support,Senior Management,Employee,Regular,Zero-Hours Worker,Japan,Female,57
71,William Causey,Intermediate Compliance Auditor,william.causey@hotmail.com,18,Active,2018-02-05,User Interface (UI) Design,"Sao Paulo, Brazil","$67,936",,https://ui-avatars.com/api/?name=William+Causey&background=#6f1c5b&color=fff,üèÜ Outstanding,Event (HR),Agentnoon Canada Inc.,Data Center,PeopleSoft,4,Team Collaboration,Pharmaceuticals,Procurement,Product,Cluster K,NXL NebulaWays Xpress Leasing Ltd.,Regional President,IT-Software,Leadership,Employee,Part time,Remote,Japan,Female,42
72,John Clark,Junior Customer Retention Manager,john.clark@efficientoffice.com,18,Active,2018-02-16,Sales and Business Development,"London, United Kingdom","$74,879",,https://ui-avatars.com/api/?name=John+Clark&background=#79beb0&color=fff,üèÜ Outstanding,Retention,Agentnoon Canada Inc.,Business Operations,ADP,4,Effective Communication,Professional Services,Culture,Flight Operations,Cluster C,NDD NebulaWays Digital Development Ltd.,Director of Facilities,Legal-Trademark Registration,Individual Contributor,Contingent Worker,,Zero-Hours Workers,South Korea,Male,32
73,Brenda Moore,Principal Procurement Specialist,brenda.moore@agentnoon.com,18,Active,2018-02-11,Cybersecurity,"Berlin, Germany","$59,526",,https://ui-avatars.com/api/?name=Brenda+Moore&background=#42b06e&color=fff,üí• At Risk,Event (HR),Agentnoon Canada Inc.,Change Management,Zoho,4,Team Collaboration,Biotechnology,"Occupational Safety, Health & Environment",Supply Chain,Cluster B,NCC NebulaWays Consulting Cambodia,Director of Facilities,Facilities-Furniture and Fixtures,Non Executive,Employee,Apprentice,Zero-Hour Employees,United States,,18
74,Melissa Rennemeyer,Senior HR Administrator,melissa.rennemeyer@efficientoffice.com,18,Active,2018-01-23,Sales and Business Development,"Sydney, Australia","$74,720",,https://ui-avatars.com/api/?name=Melissa+Rennemeyer&background=#dd8511&color=fff,üëè Exceeds Expectations,Acquisition,Agentnoon Canada Inc.,Big Data Technologies,Ceridian,4,Expertise and Knowledge,Agriculture,Product Design,Product,Cluster B,NPI NebulaWays Philippines Inc.,Director of Facilities,Health and Safety-Occupational Safety Programs,Management,Contingent Worker,Fixed Term - International,Overtime,France,,56
75,Hilario Headrick,Lead Product Marketing Manager,hilario.headrick@godaddy.com,19,Active,2018-02-02,Finance and Accounting,"Berlin, Germany","$71,681",,https://ui-avatars.com/api/?name=Hilario+Headrick&background=#f1075c&color=fff,üëç Meets Expectations,MENA Expansion,Agentnoon Canada Inc.,ASP.NET,Greenhouse,4,Client Relationship Management,Manufacturing,Social Media,Commercial,Cluster H,NTS NebulaWays Tech Solutions Ltd.,Regional President,Diversity and Inclusion-Workplace Equality Initiatives,Leadership,Employee,Fixed Term - International,Zero-Hour Contracted Employee,France,Female,61
76,Nina Cowan,Principal Super User,nina.cowan@efficientoffice.com,19,Active,2018-03-19,Business Intelligence,"Sydney, Australia","$70,425",,https://ui-avatars.com/api/?name=Nina+Cowan&background=#f8f7cc&color=fff,üëè Exceeds Expectations,Growth,Agentnoon Canada Inc.,Application Management,TriNet,4,Team Collaboration,Telecommunications,Corporate Management,Brand,Cluster K,NTW NebulaWays Xperience Taiwan,Europe,HR-HRIS (Human Resources Information System),Senior Management,Contingent Worker,Contract,Consultant,Cambodia,Female,55
77,Jean Buzzelli,Customer Care Trainer,jean.buzzelli@hotmail.com,19,Active,2018-03-10,Operations and Logistics,"Sydney, Australia","$77,204",,https://ui-avatars.com/api/?name=Jean+Buzzelli&background=#5a3be4&color=fff,üèÜ Outstanding,Growth,Agentnoon USA Inc.,COBOL,Breezy HR,4,Client Relationship Management,Pharmaceuticals,Product Design,General Administration,Cluster K,TSC Techport Solutions Co. Ltd.,Operations Managers and Teams,Diversity and Inclusion-Accessibility Initiatives,Senior Management,Contingent Worker,Apprentice External,Zero-Hour Roles,Bangladesh,,53
78,Dennis Patterson,Principal Front End Developer,dennis.patterson@hotmail.com,19,Active,2018-03-18,Information Technology,"Dubai, United Arab Emirates","$75,306",,https://ui-avatars.com/api/?name=Dennis+Patterson&background=#540048&color=fff,‚≠ê High Performer,Growth,Agentnoon USA Inc.,Creative Direction,Paycor,4,Effective Communication,Energy,Marketing,Supply Chain,Cluster D,NCA NebulaWays Cambodia Advisors,Operations,HR-Training and Development,Senior Management,Contingent Worker,Fixed Term - Local,Zero-Hour Role,Canada,Male,40
79,Michael Lecompte,Lead CFO,michael.lecompte@yahoo.com,20,Active,2018-05-27,Data Analytics,"London, United Kingdom","$72,375",,https://ui-avatars.com/api/?name=Michael+Lecompte&background=#7c07cf&color=fff,‚õî Needs Improvement,Acquisition,Agentnoon Asia Inc.,Data Migration,Greenhouse,4,Team Collaboration,Media and Entertainment,Taxation,Product,Cluster O,NCD NebulaWays Consulting Indonesia,Marketing Managers and Teams,Legal-Privacy Compliance,Individual Contributor,Contingent Worker,Intern,Zero-Hour Contracted Staffing,Indonesia,Female,62
80,Jill Gaynor,Intermediate UI Designer (User Interface Designer),jill.gaynor@agentnoon.com,20,Active,2018-02-11,User Interface (UI) Design,"Berlin, Germany","$64,929",,https://ui-avatars.com/api/?name=Jill+Gaynor&background=#fa75a3&color=fff,üí• At Risk,Re-Design,Agentnoon Asia Inc.,Commercial Management,SAP,4,Client Relationship Management,Biotechnology,Product Design,Supply Chain,Cluster O,NTW NebulaWays Xperience Taiwan,Marketing Managers and Teams,Training and Development-Employee Training,Management,Contingent Worker,Contract,Zero-Hour Contracted Work,Philippines,Female,66
81,Frieda Walker,Intermediate Writer,frieda.walker@efficientoffice.com,20,Active,2018-03-19,Network Operations,"Sydney, Australia","$68,946",,https://ui-avatars.com/api/?name=Frieda+Walker&background=#fa0ed5&color=fff,üëç Meets Expectations,Marketing 2.0,Agentnoon Asia Inc.,Analytics,Workable,4,Team Collaboration,Real Estate,Partnership Management,Governance,Cluster F,NSC NebulaWays SEA Solutions Ltd.,Director of Corporate Communications,IT-Software Licenses,Senior Management,Employee,Apprentice External,Zero-Hours Contracts,Macau,Male,18
82,Santos Koch,Lead Procurement Specialist,santos.koch@outlook.com,21,Active,2018-01-27,Operations and Logistics,"Tokyo, Japan","$73,619",,https://ui-avatars.com/api/?name=Santos+Koch&background=#eceb61&color=fff,üèÜ Outstanding,MENA Expansion,Agentnoon Asia Inc.,Business Intelligence,Justworks,4,Expertise and Knowledge,Manufacturing,Security Operations,Internship & Management Trainee,Cluster C,NCS NebulaWays Superapp Solutions LLC.,IT Managers and Teams,Operations-Efficiency Programs,Senior Management,Employee,,Flextime,United Arab Emirates,,43
83,Stephanie Bashore,Senior Product Manager,stephanie.bashore@agentnoon.com,21,Active,2018-03-06,Finance and Accounting,"Paris, France","$69,730",,https://ui-avatars.com/api/?name=Stephanie+Bashore&background=#8cec69&color=fff,‚≠ê High Performer,Audit,Agentnoon Asia Inc.,Blockchain Development,Netsuite,4,Team Collaboration,Professional Services,Digital Marketing,Security,Cluster O,NBB NebulaWays Brunei Bureau,Regional President,Finance-Taxation,Individual Contributor,Employee,,Zero-Hours Contracts,Maldives,,52
84,John Knight,Business Intelligence Analyst,john.knight@yahoo.com,21,Active,2018-02-07,Data Science,"Toronto, Canada","$67,520",,https://ui-avatars.com/api/?name=John+Knight&background=#40cfef&color=fff,‚õî Needs Improvement,Marketing 2.0,Agentnoon EU Inc.,Corporate Law,Paychex,4,Team Collaboration,Education,Digital & IT,Security,Cluster F,NIN NebulaWays Xperience India,"Regional Sales, Operations, Finance, Technology, HR",Facilities-Furniture and Fixtures,Senior Management,Employee,Contract,Zero-Hours Contracted Staffing,Brazil,Female,63
85,Katherine Oconnell,Junior IT Trainer,katherine.oconnell@agentnoon.com,22,Active,2018-04-14,Digital Marketing,"Dubai, United Arab Emirates","$78,073",,https://ui-avatars.com/api/?name=Katherine+Oconnell&background=#3e1390&color=fff,‚õî Needs Improvement,Growth,Agentnoon USA Inc.,Airline Reservations,BambooHR,4,Team Collaboration,Hospitality,Treasury,Flight Operations,Cluster M,NSB NebulaWays Singapore Branch,Communication Teams,Diversity and Inclusion-Inclusive Hiring Programs,Management,Employee,Intern,Zero-Hours Contracted Workers,France,Male,38
86,Chad Roberts,VP of Sales,chad.roberts@gmail.com,22,Active,2018-05-03,Digital Marketing,"San Francisco, United States","$65,729",,https://ui-avatars.com/api/?name=Chad+Roberts&background=#bea85e&color=fff,üí• At Risk,Self-serve,Agentnoon USA Inc.,Data Structures,Namely,4,Solution-driven Approach,Agriculture,Analytics,Product,Cluster L,NCS NebulaWays Superapp Solutions LLC.,Operations Managers and Teams,HR-HR Support Services,Senior Management,Contingent Worker,Fixed Term - International,Zero-Hours Working,Singapore,,49
87,Karen Tell,Junior Account Executive,karen.tell@yahoo.com,22,Active,2018-01-04,Systems Administration,"Tokyo, Japan","$74,501",,https://ui-avatars.com/api/?name=Karen+Tell&background=#2048c0&color=fff,üëç Meets Expectations,Acquisition,Agentnoon EU Inc.,Banking,Netsuite,4,Effective Communication,Biotechnology,General Project Strategy,Ground Operations,Cluster F,NBB NebulaWays Brunei Bureau,Director of Corporate Communications,Operations-Lean Six Sigma,Leadership,Contingent Worker,Fixed Term - International,Zero-Hour Employees,United Arab Emirates,,26
88,Kathleen Drayton,Intermediate Benefits Administrator,kathleen.drayton@hotmail.com,22,Active,2018-03-06,Digital Marketing,"London, United Kingdom","$74,881",,https://ui-avatars.com/api/?name=Kathleen+Drayton&background=#0f2745&color=fff,üëç Meets Expectations,Self-serve,Agentnoon EU Inc.,Big Data Technologies,Paychex,4,Solution-driven Approach,Construction,Business Strategy & Development,Security,Cluster L,TPC Techport Commerce Philippines Inc,Legal Teams,IT-Software,Individual Contributor,Employee,Contract,Zero Hours,Malaysia,Female,20
89,Nicole Ramirez,Lead Customer Success Manager,nicole.ramirez@hotmail.com,23,Active,2018-01-05,Project Management,"Dubai, United Arab Emirates","$68,790",,https://ui-avatars.com/api/?name=Nicole+Ramirez&background=#69f461&color=fff,‚≠ê High Performer,Platform,Agentnoon Canada Inc.,Corporate Finance,Paylocity,4,Effective Communication,Retail,Digital Marketing,Flight Operations,Cluster A,NBB NebulaWays Brunei Bureau,Facilities and Administration,Legal-Privacy Compliance,Individual Contributor,Employee,Part time,Zero-Hour Job,Brunei,Male,25
90,Steven Tanner,Junior Marketing Specialist,steven.tanner@hotmail.com,23,Active,2018-02-28,Data Science,"Mumbai, India","$59,812",,https://ui-avatars.com/api/?name=Steven+Tanner&background=#aa3446&color=fff,üí• At Risk,Event (HR),Agentnoon EU Inc.,CMS,Breezy HR,4,Client Relationship Management,Aerospace and Defense,Product Design,Supply Chain,Cluster O,NSK NebulaWays Xperience South Korea,Director of Corporate Communications,Finance-Financial Reporting,Individual Contributor,Employee,Part time,Per Diem,South Korea,Female,55
91,Mary Knight,Principal Financial Analyst,mary.knight@efficientoffice.com,23,Active,2018-02-18,Human Resources,"Sao Paulo, Brazil","$56,463",,https://ui-avatars.com/api/?name=Mary+Knight&background=#77fe19&color=fff,‚≠ê High Performer,Marketing 2.0,Agentnoon Asia Inc.,Cloud Technologies,Workday,4,Solution-driven Approach,Consumer Goods,Government Relations,Safety,Cluster P,NIT NebulaWays IT Solutions,IT Managers and Teams,Diversity and Inclusion-Workplace Equality Initiatives,Leadership,Employee,,Zero-Hours Contracted Worker,Bangladesh,,54
92,Mark Snyder,Staff VP of Marketing,mark.snyder@hotmail.com,24,Active,2018-03-14,User Interface (UI) Design,"Sao Paulo, Brazil","$67,621",,https://ui-avatars.com/api/?name=Mark+Snyder&background=#a42f10&color=fff,‚≠ê High Performer,Event (HR),Agentnoon EU Inc.,Credit Risk,Kronos,4,Solution-driven Approach,Automotive,Product Design,Factory Engineering,Cluster L,NCA NebulaWays Cambodia Advisors,Finance Managers and Teams,Health and Safety-Health and Safety Inspections,Leadership,Contingent Worker,,Full Time,India,,54
93,Eleanor Champney,Principal Market Research Analyst,eleanor.champney@yahoo.com,24,Active,2018-09-03,User Experience (UX) Design,"London, United Kingdom","$70,693",,https://ui-avatars.com/api/?name=Eleanor+Champney&background=#150fe4&color=fff,üí• At Risk,Acquisition,Agentnoon Canada Inc.,Accounting,Breezy HR,4,Expertise and Knowledge,Pharmaceuticals,General Management & Strategy,General Administration,Cluster N,TPX Techport Xpress Ltd.,North America,Finance-Investment Analysis,Non Executive,Employee,Part time,On Call,Vietnam,Male,50
94,Doretha Parks,Customer Implementation Manager,doretha.parks@hotmail.com,24,Active,2018-04-28,Product Management,"Toronto, Canada","$60,379",,https://ui-avatars.com/api/?name=Doretha+Parks&background=#7778be&color=fff,üëè Exceeds Expectations,Growth,Agentnoon Canada Inc.,Communication,Justworks,4,Continuous Learning and Development,Media and Entertainment,Janitorial Crew,Commercial,Cluster G,NXA NebulaWays Xperience Australia,Support Functions,Procurement-Procurement Analytics,Senior Management,Contingent Worker,Apprentice External,Zero-Hour Contracted Staff,United Kingdom,Male,33
95,Ryan Delima,Principal Accountant,ryan.delima@godaddy.com,25,Active,2018-02-02,Digital Marketing,"Berlin, Germany","$72,144",,https://ui-avatars.com/api/?name=Ryan+Delima&background=#a30f17&color=fff,üëç Meets Expectations,Growth,Agentnoon Canada Inc.,Change Management,Bullhorn,4,Effective Communication,Automotive,Social Media,Brand,Cluster G,NSR NebulaWays Ride Solutions,Marketing Managers and Teams,Legal-Legal Counsel,Individual Contributor,Contingent Worker,Apprentice External,Zero-Hours Contracting,Taiwan,Male,40
96,Dan Mitchum,Junior Content Strategist,dan.mitchum@efficientoffice.com,25,Active,2018-04-30,Customer Support and Success,"Dubai, United Arab Emirates","$66,509",,https://ui-avatars.com/api/?name=Dan+Mitchum&background=#90fc02&color=fff,üèÜ Outstanding,MENA Expansion,Agentnoon USA Inc.,Customer Service,Recruitee,4,Client Relationship Management,Transportation and Logistics,Revenue Insurance,Safety,Cluster C,NAB NebulaWays Advisory Bureau,"Regional Sales, Operations, Finance, Technology, HR",HR-Wellness Programs,Senior Management,Employee,Fixed Term - International,Seasonal,Malaysia,,65
97,Leigh Parenteau,Lead IT Asset Manager,leigh.parenteau@outlook.com,25,Active,2018-03-28,Finance and Accounting,"Mumbai, India","$60,347",,https://ui-avatars.com/api/?name=Leigh+Parenteau&background=#5959ea&color=fff,üëè Exceeds Expectations,MENA Expansion,Agentnoon USA Inc.,Creative Direction,Zenefits,4,Integrity and Ethics,Transportation and Logistics,Network & Regulatory,Commercial,Cluster J,NXL NebulaWays Xpress Leasing Ltd.,"Regional Sales, Operations, Finance, Technology, HR",Procurement-Cost Negotiation,Non Executive,Contingent Worker,Fixed Term - Local,Zero-Hour Staffing,South Korea,,28
98,Christina Stefanatos,Lead Content Strategist,christina.stefanatos@outlook.com,26,Active,2018-01-15,Data Analytics,"Sydney, Australia","$61,834",,https://ui-avatars.com/api/?name=Christina+Stefanatos&background=#23315a&color=fff,üèÜ Outstanding,Platform,Agentnoon EU Inc.,Content Management,Workday,4,Solution-driven Approach,Construction,Ramp,Supply Chain,Cluster P,NCI NebulaWays Commerce India Pvt. Ltd.,Support Functions,Employee Relations-Exit Interviews,Management,Employee,,Zero-Hour Work,United States,Female,68
99,Olivia Rodrigue,Lead Senior Developer,olivia.rodrigue@efficientoffice.com,26,Active,2018-02-11,Data Science,"London, United Kingdom","$67,389",,https://ui-avatars.com/api/?name=Olivia+Rodrigue&background=#6e08f6&color=fff,üí• At Risk,Self-serve,Agentnoon USA Inc.,Data,Namely,4,Solution-driven Approach,Information Technology,Treasury,Brand,Cluster H,NSC NebulaWays SEA Solutions Ltd.,Sales Managers and Teams,Corporate Communications-Content Creation,Senior Management,Contingent Worker,Apprentice,Seasonal,Brunei,,54
100,Michael Calvert,Lead Web Developer,michael.calvert@hotmail.com,26,Active,2018-05-18,Product Management,"Sydney, Australia","$64,493",,https://ui-avatars.com/api/?name=Michael+Calvert&background=#805b0b&color=fff,üëè Exceeds Expectations,Marketing 2.0,Agentnoon EU Inc.,CMS,Paylocity,4,Continuous Learning and Development,Hospitality,Finance Office,Retail & Food,Cluster O,NHK NebulaWays Hong Kong Xperience,Operations Managers and Teams,Health and Safety-First Aid,Individual Contributor,Employee,Intern,Zero-Hour Contract,Bangladesh,Female,52
101,Cindy Washington,Intermediate Senior Developer,cindy.washington@gmail.com,26,Active,2018-02-11,User Experience (UX) Design,"San Francisco, United States","$73,032",,https://ui-avatars.com/api/?name=Cindy+Washington&background=#9a79c6&color=fff,üèÜ Outstanding,Marketing 2.0,Agentnoon EU Inc.,Data Science,TriNet,4,Team Collaboration,Healthcare,Stamp Quality Assurance,Commercial,Cluster E,NCC NebulaWays Corporate Consulting Inc.,"Regional Sales, Operations, Finance, Technology, HR",Sales-Sales Operations,Management,Employee,Fixed Term - Local,Zero-Hours Contracted Worker,Taiwan,Male,70
102,Joy Silverman,Lead CEO,joy.silverman@gmail.com,27,Active,2018-01-22,Sales and Business Development,"Toronto, Canada","$69,691",,https://ui-avatars.com/api/?name=Joy+Silverman&background=#c101e4&color=fff,üèÜ Outstanding,MENA Expansion,Agentnoon Asia Inc.,Creative,Zoho,4,Integrity and Ethics,Automotive,Analytics,Ground Operations,Cluster O,NTW NebulaWays Xperience Taiwan,Operations Managers and Teams,Procurement-Procurement Operations,Individual Contributor,Employee,Apprentice,Zero-Hours Contracted Work,Cambodia,,30
103,Kendall Nixon,Staff HR Administrator,kendall.nixon@efficientoffice.com,27,Active,2018-01-15,Systems Administration,"London, United Kingdom","$63,479",,https://ui-avatars.com/api/?name=Kendall+Nixon&background=#b49ba1&color=fff,üí• At Risk,Acquisition,Agentnoon USA Inc.,Angular,TriNet,4,Expertise and Knowledge,Retail,Legal,Product,Cluster J,CTC CyberTech Corp. Thailand,Chief Information Officer (CIO),Diversity and Inclusion-Equity Programs,Senior Management,Employee,Fixed Term - International,Zero-Hours Positions,Bangladesh,Female,57
104,Keith Gallipeau,Principal Demand Generation Manager,keith.gallipeau@gmail.com,27,Active,2018-01-14,Business Intelligence,"Paris, France","$69,093",,https://ui-avatars.com/api/?name=Keith+Gallipeau&background=#9b5e59&color=fff,üëè Exceeds Expectations,Self-serve,Agentnoon Asia Inc.,Azure,Workable,4,Solution-driven Approach,Hospitality,Facilities & Office Support,Factory Engineering,Cluster O,NCC Nexus Capital Corp.,"Regional Sales, Operations, Finance, Technology, HR",Health and Safety-Health and Wellness Programs,Management,Contingent Worker,Apprentice External,Zero-Hour Work,China,,65
105,Larry Dorsey,Intermediate CFO,larry.dorsey@efficientoffice.com,27,Active,2018-01-02,Product Management,"Sao Paulo, Brazil","$64,354",,https://ui-avatars.com/api/?name=Larry+Dorsey&background=#0b2e3d&color=fff,üëè Exceeds Expectations,Self-serve,Agentnoon EU Inc.,Agile Project Management,Workable,4,Team Collaboration,Pharmaceuticals,Customer Operational Control,Commercial,Cluster M,TSR Techport Santan Restaurants Ltd.,Technology,Health and Safety-Occupational Health,Non Executive,Contingent Worker,Fixed Term - International,Zero-Hour,France,,26
106,Juana Coles,Lead Director of IT,juana.coles@efficientoffice.com,28,Active,2018-03-09,Cybersecurity,"London, United Kingdom","$73,296",,https://ui-avatars.com/api/?name=Juana+Coles&background=#5cb87c&color=fff,üëè Exceeds Expectations,Self-serve,Agentnoon Canada Inc.,Auditing,Netsuite,4,Integrity and Ethics,Information Technology,Product Design,Supply Chain,Cluster P,NCC NebulaWays Consulting Cambodia,"Regional Sales, Operations, Finance, Technology, HR",Training and Development-Mentorship Programs,Management,Contingent Worker,,Night,India,Male,19
107,Herbert Sherer,Account Executive,herbert.sherer@hotmail.com,28,Active,2018-02-08,Business Intelligence,"Sydney, Australia","$67,079",,https://ui-avatars.com/api/?name=Herbert+Sherer&background=#673358&color=fff,‚õî Needs Improvement,Retention,Agentnoon Asia Inc.,Creative Direction,PeopleSoft,4,Solution-driven Approach,Transportation and Logistics,Sustainability,Finance,Cluster P,NXT NebulaWays Com Travels Ltd.,Chief Human Resources Officer (CHRO),IT-Security,Individual Contributor,Contingent Worker,Fixed Term - Local,Zero-Hours Contracted,Vietnam,Female,30
108,Mariam Parish,Principal Web Designer,mariam.parish@efficientoffice.com,28,Active,2018-10-22,Finance and Accounting,"Tokyo, Japan","$72,838",,https://ui-avatars.com/api/?name=Mariam+Parish&background=#58b8c5&color=fff,üëç Meets Expectations,Self-serve,Agentnoon Asia Inc.,AngularJS,Paycor,4,Solution-driven Approach,Telecommunications,Fleet Management,Security,Cluster G,NCC NebulaWays Consulting Cambodia,"Vice President, Marketing",Customer Service-Complaints Tracking,Management,Contingent Worker,Intern,Zero-Hours Role,Indonesia,Male,61
109,Anthony Gilbert,Executive Assistant,anthony.gilbert@gmail.com,29,Active,2018-01-19,Systems Administration,"Tokyo, Japan","$60,869",,https://ui-avatars.com/api/?name=Anthony+Gilbert&background=#c964f3&color=fff,üëè Exceeds Expectations,MENA Expansion,Agentnoon EU Inc.,Budgeting,Justworks,4,Expertise and Knowledge,Telecommunications,Fleet Engineering Management,Internship & Management Trainee,Cluster I,NML NebulaWays Maldives Ltd.,Regional Divisions,Employee Relations-Employee Engagement,Senior Management,Employee,Apprentice External,Zero-Hour Employees,India,,31
110,Clyde Walker,Lead IT Asset Manager,clyde.walker@agentnoon.com,29,Active,2018-03-20,Project Management,"Mumbai, India","$74,735",,https://ui-avatars.com/api/?name=Clyde+Walker&background=#09414f&color=fff,üí• At Risk,Event (HR),Agentnoon EU Inc.,CRM,PeopleSoft,4,Solution-driven Approach,Manufacturing,Government Relations,Project Management,Cluster M,NAR NebulaWays Rides Ltd.,Communication Teams,Finance-Financial Planning and Analysis,Non Executive,Employee,Fixed Term - International,Rotating,Hong Kong,Male,43
111,Gary Bild,Staff Benefits Administrator,gary.bild@outlook.com,29,Active,2018-01-18,Data Science,"Paris, France","$86,567",,https://ui-avatars.com/api/?name=Gary+Bild&background=#8319db&color=fff,üèÜ Outstanding,Re-Design,Agentnoon EU Inc.,Corporate Strategy,Bullhorn,4,Team Collaboration,Healthcare,Company Secretary,Communications,Cluster A,TMC Techport Commerce Malaysia Solutions,IT Managers and Teams,Operations-Efficiency Programs,Individual Contributor,Employee,,Zero-Hours Contracted,Canada,,37
112,Marion Stroth,Senior Developer,marion.stroth@efficientoffice.com,29,Active,2018-02-12,Sales and Business Development,"London, United Kingdom","$68,527",,https://ui-avatars.com/api/?name=Marion+Stroth&background=#a78853&color=fff,‚≠ê High Performer,Event (HR),Agentnoon Canada Inc.,C++,Bullhorn,4,Integrity and Ethics,Pharmaceuticals,Copywriting,Internship & Management Trainee,Cluster B,NSR NebulaWays Ride Solutions,"Vice President, Operations",IT-Mobile Device Management,Leadership,Employee,Intern,Zero-Hours Employees,United Arab Emirates,,48
113,Stella Clack,Principal Sr. HR Administrator,stella.clack@godaddy.com,30,Active,2018-02-10,Product Management,"London, United Kingdom","$48,956",,https://ui-avatars.com/api/?name=Stella+Clack&background=#1369db&color=fff,‚õî Needs Improvement,Acquisition,Agentnoon Canada Inc.,Cloud Infrastructure,PeopleSoft,4,Expertise and Knowledge,Transportation and Logistics,Fleet Management,Retail & Food,Cluster A,NDD NebulaWays Digital Development Ltd.,"Vice President, Sales",Procurement-Vendor Management,Individual Contributor,Employee,,Zero-Hour Employees,United Arab Emirates,Female,40
114,Allen Pascoe,Junior Network Engineer,allen.pascoe@agentnoon.com,30,Active,2018-01-01,Sales and Business Development,"Tokyo, Japan","$73,956",,https://ui-avatars.com/api/?name=Allen+Pascoe&background=#3cffcc&color=fff,üëç Meets Expectations,Acquisition,Agentnoon EU Inc.,Corporate Strategy,SAP,4,Client Relationship Management,Media and Entertainment,Digital & IT,Customer Happiness,Cluster B,NMO NebulaWays Macau Operations,Regional President,IT-Software Licenses,Leadership,Contingent Worker,Apprentice External,Zero-Hour Workers,Hong Kong,,32
115,William Bullard,Social Media Manager,william.bullard@efficientoffice.com,30,Active,2018-04-28,Customer Support and Success,"Sydney, Australia","$77,200",,https://ui-avatars.com/api/?name=William+Bullard&background=#d64ba0&color=fff,üëç Meets Expectations,Marketing 2.0,Agentnoon Canada Inc.,Corporate Strategy,Zenefits,4,Continuous Learning and Development,Healthcare,Quality Assurance,Governance,Cluster M,NDD NebulaWays Digital Development Ltd.,Marketing Managers and Teams,Customer Service-Complaints Resolution,Management,Employee,,Consultant,Macau,Male,23
116,Heather Coker,Intermediate Product Manager,heather.coker@godaddy.com,30,Active,2018-02-17,Data Analytics,"San Francisco, United States","$59,697",,https://ui-avatars.com/api/?name=Heather+Coker&background=#46e4de&color=fff,‚≠ê High Performer,Audit,Agentnoon USA Inc.,Data Security,Ceridian,4,Team Collaboration,Hospitality,Project Management,Brand,Cluster N,NHK NebulaWays Hong Kong Xperience,Support Functions,Employee Relations-Performance Appraisals,Non Executive,Contingent Worker,Apprentice,Zero-Hours Staffing,United Arab Emirates,Male,31
117,Elizabeth Gonzalez,Senior Data Scientist,elizabeth.gonzalez@godaddy.com,31,Active,2018-03-22,Information Technology,"Sydney, Australia","$69,894",,https://ui-avatars.com/api/?name=Elizabeth+Gonzalez&background=#a307ba&color=fff,‚≠ê High Performer,Growth,Agentnoon USA Inc.,Blockchain,Namely,4,Continuous Learning and Development,Financial Services,Project Management,Retail & Food,Cluster F,NCV NebulaWays Consulting Vietnam,Regional President,Employee Relations-Employee Communication,Individual Contributor,Contingent Worker,Apprentice External,Zero-Hours Contracted Work,United Kingdom,Female,23
118,Marietta Madero,VP of Product,marietta.madero@yahoo.com,31,Active,2018-01-12,Information Technology,"Mumbai, India","$67,238",,https://ui-avatars.com/api/?name=Marietta+Madero&background=#e5521e&color=fff,üí• At Risk,MENA Expansion,Agentnoon Asia Inc.,Accounts Receivable,SAP,4,Team Collaboration,Hospitality,Staff Office,General Administration,Cluster K,NPI NebulaWays Philippines Inc.,"Vice President, Operations",Facilities-Maintenance,Leadership,Employee,Part time,Per Diem,Indonesia,,50
119,Barry Toles,Staff Business Development Associate,barry.toles@yahoo.com,31,Active,2018-04-06,Quality Assurance,"Toronto, Canada","$77,302",,https://ui-avatars.com/api/?name=Barry+Toles&background=#bf8bb7&color=fff,üèÜ Outstanding,Platform,Agentnoon Asia Inc.,CodeIgniter,Greenhouse,4,Team Collaboration,Manufacturing,Finance Operations,People & Culture,Cluster N,OFA OurFuture Asia Solutions,North America,Health and Safety-Workplace Inspections,Senior Management,Employee,Apprentice,Graveyard,Vietnam,,33
120,Mary Gaskins,Customer Care Trainer,mary.gaskins@agentnoon.com,32,Active,2018-01-29,Sales and Business Development,"Sao Paulo, Brazil","$78,778",,https://ui-avatars.com/api/?name=Mary+Gaskins&background=#c68b58&color=fff,‚≠ê High Performer,Audit,Agentnoon Asia Inc.,Data Security,Ultipro,4,Expertise and Knowledge,Healthcare,Product Design,,Cluster O,NLK NebulaWays Lanka Solutions,General Counsel,Training and Development-Mentorship Programs,Non Executive,Contingent Worker,Fixed Term - International,On Call,Australia,Female,49
121,Donna Price,Junior HR Generalist (Human Resources Generalist),donna.price@agentnoon.com,32,Active,2019-02-20,Human Resources,"Tokyo, Japan","$65,456",,https://ui-avatars.com/api/?name=Donna+Price&background=#f66121&color=fff,‚≠ê High Performer,Retention,Agentnoon Canada Inc.,COBOL,Gusto,4,Solution-driven Approach,Manufacturing,Security Office,People & Culture,Cluster F,NCS NebulaWays Superapp Solutions LLC.,Support Functions,Facilities-Office Supplies,Non Executive,Employee,,Zero-Hours Contracted Workers,Laos,Male,39
122,Brian Howard,Network Engineer,brian.howard@agentnoon.com,32,Active,2018-01-14,Cybersecurity,"Toronto, Canada","$64,657",,https://ui-avatars.com/api/?name=Brian+Howard&background=#48bb20&color=fff,üí• At Risk,Event (HR),Agentnoon Canada Inc.,Credit Risk,Paychex,4,Team Collaboration,Hospitality,Risk Management,,Cluster E,NDD NebulaWays Digital Development Ltd.,Chief Information Officer (CIO),Procurement-Cost Analysis,Individual Contributor,Contingent Worker,Regular,Zero-Hours Contracted Staff,Thailand,Male,71
123,Denita Palmer,Senior Event Coordinator,denita.palmer@godaddy.com,33,Active,2018-05-26,Human Resources,"Paris, France","$56,508",,https://ui-avatars.com/api/?name=Denita+Palmer&background=#bdf1ce&color=fff,üèÜ Outstanding,Event (HR),Agentnoon Canada Inc.,Banking,Bullhorn,4,Expertise and Knowledge,Education,Business Strategy & Development,Flight Operations,Cluster A,NAB NebulaWays Advisory Bureau,Facilities and Administration,Procurement-Supplier Negotiations,Individual Contributor,Contingent Worker,Fixed Term - Local,Zero-Hours Role,Canada,Male,48
124,Lillian Martin,Technical Recruiter,lillian.martin@yahoo.com,33,Active,2018-02-10,User Interface (UI) Design,"London, United Kingdom","$77,472",,https://ui-avatars.com/api/?name=Lillian+Martin&background=#9b7fc1&color=fff,‚≠ê High Performer,Re-Design,Agentnoon USA Inc.,Branding,Oracle,4,Client Relationship Management,Automotive,Safety Compliance,,Cluster P,NAC Nexus Aviation Capital,HR Managers and Teams,R&D-Data Analytics,Senior Management,Contingent Worker,,Split,Singapore,Male,18
125,James Goan,Staff IT Auditor,james.goan@yahoo.com,33,Active,2018-06-08,Systems Administration,"Toronto, Canada","$67,644",,https://ui-avatars.com/api/?name=James+Goan&background=#8eee81&color=fff,üëç Meets Expectations,Growth,Agentnoon Canada Inc.,Big Data,PeopleSoft,4,Effective Communication,Education,Culture,Internship & Management Trainee,Cluster K,NCI NebulaWays Commerce India Pvt. Ltd.,"Vice President, Sales",HR-Employee Assistance Program,Management,Contingent Worker,Fixed Term - International,Day,Sri Lanka,Female,26
126,Wendy Case,Junior Compliance Auditor,wendy.case@agentnoon.com,34,Active,2018-09-06,Information Technology,"Mumbai, India","$71,375",,https://ui-avatars.com/api/?name=Wendy+Case&background=#6d0781&color=fff,üèÜ Outstanding,Event (HR),Agentnoon USA Inc.,Cloud Computing,Paychex,4,Solution-driven Approach,Aerospace and Defense,Corporate Safety,Governance,Cluster G,NBB NebulaWays Brunei Bureau,Regional President,Health and Safety-First Aid,Leadership,Contingent Worker,Part time,Zero-Hours Contracted Staffing,Brazil,Female,31
127,James Holmes,Junior Sales Team Lead,james.holmes@agentnoon.com,34,Active,2019-04-01,Customer Support and Success,"Tokyo, Japan","$65,341",,https://ui-avatars.com/api/?name=James+Holmes&background=#f0ceef&color=fff,üëè Exceeds Expectations,Self-serve,Agentnoon EU Inc.,Compensation and Benefits,Ceridian,4,Effective Communication,Biotechnology,Software Engineering,Operational Quality Assurance,Cluster D,TSR Techport Santan Restaurants Ltd.,Operations Managers and Teams,Training and Development-Mentorship Programs,Senior Management,Contingent Worker,Apprentice,Zero-Hour Contracted,Bangladesh,Female,33
128,Debra Diaz,Principal Content Strategist,debra.diaz@gmail.com,34,Active,2018-03-27,Project Management,"Sao Paulo, Brazil","$71,935",,https://ui-avatars.com/api/?name=Debra+Diaz&background=#62d08d&color=fff,üí• At Risk,Re-Design,Agentnoon Asia Inc.,Airline,SAP,4,Continuous Learning and Development,Aerospace and Defense,Maintenance Engineering,Communications,Cluster L,NSA NebulaWays Xperience Saudi Arabia,Communication Teams,HR-Employee Relations,Non Executive,Contingent Worker,Apprentice External,Zero-Hours Working,Laos,,37
129,Joseph Manganaro,Staff Sales Operations Analyst,joseph.manganaro@godaddy.com,35,Active,2018-02-10,Quality Assurance,"Dubai, United Arab Emirates","$66,639",,https://ui-avatars.com/api/?name=Joseph+Manganaro&background=#93bdc3&color=fff,üí• At Risk,Acquisition,Agentnoon Canada Inc.,API,Zoho,4,Client Relationship Management,Media and Entertainment,Food & Beverages Operations,Communications,Cluster B,NAM Nexus Aviation Management Services Ltd.,Chief Technology Officer (CTO),IT-Mobile Device Management,Senior Management,Employee,Apprentice External,Zero-Hour Contracted,United States,Male,39